{"cameraMode":{"drawMode":0,"name":"Shaded","section":"Shading Mode"},"sceneLighting":true,"audioPlay":false,"sceneViewState":{"m_AlwaysRefresh":false,"showFog":true,"showSkybox":true,"showFlares":true,"showImageEffects":true,"showParticleSystems":true,"showVisualEffectGraphs":true,"m_FxEnabled":true},"in2DMode":false,"pivot":{"x":262.110595703125,"y":341.5582275390625,"z":12.4029541015625},"rotation":{"x":0.03031293675303459,"y":0.0033351080492138864,"z":0.00040109141264110804,"w":0.9996654987335205},"size":325.1141662597656,"orthographic":false}