{"cameraMode":{"drawMode":0,"name":"Shaded","section":"Shading Mode"},"sceneLighting":true,"audioPlay":false,"sceneViewState":{"m_AlwaysRefresh":false,"showFog":true,"showSkybox":true,"showFlares":true,"showImageEffects":true,"showParticleSystems":true,"showVisualEffectGraphs":true,"m_FxEnabled":true},"in2DMode":false,"pivot":{"x":10.801983833312989,"y":5.8839874267578129,"z":-0.7991447448730469},"rotation":{"x":0.4475141167640686,"y":0.001224254840053618,"z":0.005061388481408358,"w":0.8946664929389954},"size":11.905756950378418,"orthographic":false}