{"cameraMode":{"drawMode":0,"name":"Shaded","section":"Shading Mode"},"sceneLighting":true,"audioPlay":false,"sceneViewState":{"m_AlwaysRefresh":false,"showFog":true,"showSkybox":true,"showFlares":true,"showImageEffects":true,"showParticleSystems":true,"showVisualEffectGraphs":true,"m_FxEnabled":true},"in2DMode":false,"pivot":{"x":591.46826171875,"y":531.8858642578125,"z":11.179168701171875},"rotation":{"x":-0.010808723047375679,"y":0.00959360133856535,"z":-0.0003341816191095859,"w":-0.9999904632568359},"size":155.14248657226563,"orthographic":false}